Market Name,Suburb,Address,Frequency,Time,Next Dates,URL,Contact,Additional Info,,"January 3, 2025","January 4, 2025","January 5, 2025","January 10, 2025","January 11, 2025","January 12, 2025","January 17, 2025","January 18, 2025","January 19, 2025","January 24, 2025","January 25, 2025","January 26, 2025","January 31, 2025","February 1, 2025","February 2, 2025","February 7, 2025","February 8, 2025","February 9, 2025","February 14, 2025","February 15, 2025","February 16, 2025","February 21, 2025","February 22, 2025","February 23, 2025","February 28, 2025","March 1, 2025","March 2, 2025","March 7, 2025","March 8, 2025","March 9, 2025","March 14, 2025","March 15, 2025","March 16, 2025","March 21, 2025","March 22, 2025","March 23, 2025","March 28, 2025","March 29, 2025","March 30, 2025","April 4, 2025","April 5, 2025","April 6, 2025","April 11, 2025","April 12, 2025","April 13, 2025","April 18, 2025","April 19, 2025","April 20, 2025","April 25, 2025","April 26, 2025","April 27, 2025","May 2, 2025","May 3, 2025","May 4, 2025","May 9, 2025","May 10, 2025","May 11, 2025","May 16, 2025","May 17, 2025","May 18, 2025","May 23, 2025","May 24, 2025","May 25, 2025","May 30, 2025","May 31, 2025","June 1, 2025","June 6, 2025","June 7, 2025","June 8, 2025","June 13, 2025","June 14, 2025","June 15, 2025","June 20, 2025","June 21, 2025","June 22, 2025","June 27, 2025","June 28, 2025","June 29, 2025","July 4, 2025","July 5, 2025","July 6, 2025","July 11, 2025","July 12, 2025","July 13, 2025","July 18, 2025","July 19, 2025","July 20, 2025","July 25, 2025","July 26, 2025","July 27, 2025","August 1, 2025","August 2, 2025","August 3, 2025","August 8, 2025","August 9, 2025","August 10, 2025","August 15, 2025","August 16, 2025","August 17, 2025","August 22, 2025","August 23, 2025","August 24, 2025","August 29, 2025","August 30, 2025","August 31, 2025","September 5, 2025","September 6, 2025","September 7, 2025","September 12, 2025","September 13, 2025","September 14, 2025","September 19, 2025","September 20, 2025","September 21, 2025","September 26, 2025","September 27, 2025","September 28, 2025","October 3, 2025","October 4, 2025","October 5, 2025","October 10, 2025","October 11, 2025","October 12, 2025","October 17, 2025","October 18, 2025","October 19, 2025","October 24, 2025","October 25, 2025","October 26, 2025","October 31, 2025","November 1, 2025","November 2, 2025","November 7, 2025","November 8, 2025","November 9, 2025","November 14, 2025","November 15, 2025","November 16, 2025","November 21, 2025","November 22, 2025","November 23, 2025","November 28, 2025","November 29, 2025","November 30, 2025","December 5, 2025","December 6, 2025","December 7, 2025","December 12, 2025","December 13, 2025","December 14, 2025","December 19, 2025","December 20, 2025","December 21, 2025","December 26, 2025","December 27, 2025","December 28, 2025","January 2, 2026","January 3, 2026"
Aberfoyle Community Market ,Aberfoyle Park,"Aberfoyle Community Center, 1 Jessica Street Aberfoyle Park",Specific Dates,9am - 2pm,"April 5, 2025",https://au.openforms.com/Form/7e18e2dc-de0d-4bac-a3f4-cbd280572387,,,,,,,,,,,,,,,,,,,,,,,,,,,,,,,,,,,,,,,,,,,,X,,,,,,,,,,,,,,,,,,,,,,,,,,,,,,,,,,,,,,,,,,,,,,,,,,,,,,,,,,,,,,,,,,,,,,,,,,,,,,,,,,,,,,,,,,,,,,,,,,,,,,,,,,,,,,,,,,,,,
Adelaide Farmers Market Wayville,Wayville,"Adelaide Showground
Rose Terrace
Wayville SA 5034",Every Sunday,8:30am - 12:30pm,"January 5, 2025
January 12, 2025
January 19, 2025
January 26, 2025
February 2, 2025
February 9, 2025
February 16, 2025
February 23, 2025
March 2, 2025
March 9, 2025
March 16, 2025
March 23, 2025
March 30, 2025
April 6, 2025
April 13, 2025
April 20, 2025
April 27, 2025
May 4, 2025
May 11, 2025
May 18, 2025
May 25, 2025
June 1, 2025
June 8, 2025
June 15, 2025
June 22, 2025
June 29, 2025
July 6, 2025
July 13, 2025
July 20, 2025
July 27, 2025
August 3, 2025
August 10, 2025
August 17, 2025
August 24, 2025
August 31, 2025
September 7, 2025
September 14, 2025
September 21, 2025
September 28, 2025
October 5, 2025
October 12, 2025
October 19, 2025
October 26, 2025
November 2, 2025
November 9, 2025
November 16, 2025
November 23, 2025
November 30, 2025
December 7, 2025
December 14, 2025
December 21, 2025
December 28, 2025","https://www.facebook.com/AdelaideFarmersMarket?mibextid=ZbWKwL

https://adelaidefarmersmarket.com.au/",,,,,,X,,,X,,,X,,,X,,,X,,,X,,,X,,,X,,,X,,,X,,,X,,,X,,,X,,,X,,,X,,,X,,,X,,,X,,,X,,,X,,,X,,,X,,,X,,,X,,,X,,,X,,,X,,,X,,,X,,,X,,,X,,,X,,,X,,,X,,,X,,,X,,,X,,,X,,,X,,,X,,,X,,,X,,,X,,,X,,,X,,,X,,,X,,,X,,,X,,,X,,,X,,,X,,
Adelaide Hills Farmers Market,Mount Barker,"23 Mann St, Mount Barker, SA, Australia, South Australia","1st Saturday
3rd Saturday",8.30am- 12.30pm,"January 4, 2025
January 18, 2025
February 1, 2025
February 15, 2025
March 1, 2025
March 15, 2025
April 5, 2025
April 19, 2025
May 3, 2025
May 17, 2025
June 7, 2025
June 21, 2025
July 5, 2025
July 19, 2025
August 2, 2025
August 16, 2025
September 6, 2025
September 20, 2025
October 4, 2025
October 18, 2025
November 1, 2025
November 15, 2025
December 6, 2025
December 20, 2025",https://www.facebook.com/adelaidehillsfarmersmarket?mibextid=ZbWKwL,,,,,X,,,,,,X,,,,,,X,,,,,,X,,,,,,X,,,,,,X,,,,,,,,,X,,,,,,X,,,,,,X,,,,,,X,,,,,,,,,X,,,,,,X,,,,,,X,,,,,,X,,,,,,X,,,,,,X,,,,,,,,,X,,,,,,X,,,,,,X,,,,,,X,,,,,,X,,,,,,X,,,,,,,,,X,,,,,,X,,,,,,
Alford Makers Market,Alford,"High Street, Alford SA 5555",4th Sunday,10am-2pm,,https://www.facebook.com/groups/579525410807354/,,,,,,,,,,,,,,,,,,,,,,,,,,,,,,,,,,,,,,,,,,,,,,,,,,,,,,,,,,,,,,,,,,,,,,,,,,,,,,,,,,,,,,,,,,,,,,,,,,,,,,,,,,,,,,,,,,,,,,,,,,,,,,,,,,,,,,,,,,,,,,,,,,,,,,,,,,,,,,,,,
Angaston Country Market,Angaston,"Angaston Town Hall, Washington Street, Angaston, SA, Australia, South Australia",3rd Sunday,10am - 3pm,"January 19, 2025
February 16, 2025
March 16, 2025
April 20, 2025
May 18, 2025
June 15, 2025
July 20, 2025
August 17, 2025
September 21, 2025
October 19, 2025
November 16, 2025
December 21, 2025 ​
​",https://www.facebook.com/AngastonCountryMarkets,"0459 717 516
angastoncountrymarkets@gmail.com",,,,,,,,,,,X,,,,,,,,,,,,X,,,,,,,,,,,,X,,,,,,,,,,,,,,,X,,,,,,,,,,,,X,,,,,,,,,,,,X,,,,,,,,,,,,,,,X,,,,,,,,,,,,X,,,,,,,,,,,,,,,X,,,,,,,,,,,,X,,,,,,,,,,,,X,,,,,,,,,,,,,,,X,,,,,
Artisans of Adelaide,,,Various,,,https://www.facebook.com/artisansofadelaide,,,,,,,,,,,,,,,,,,,,,,,,,,,,,,,,,,,,,,,,,,,,,,,,,,,,,,,,,,,,,,,,,,,,,,,,,,,,,,,,,,,,,,,,,,,,,,,,,,,,,,,,,,,,,,,,,,,,,,,,,,,,,,,,,,,,,,,,,,,,,,,,,,,,,,,,,,,,,,,,,
Banksia Markets,Banksia,"600 Milne Road, Banksia",1st Saturday,8:30am - 1pm,"January 4, 2025
February 1, 2025
March 1, 2025
April 5, 2025
May 3, 2025
June 7, 2025
July 5, 2025
August 2, 2025
September 6, 2025
October 4, 2025
November 1, 2025
December 6, 2025",https://www.facebook.com/banksiamarkets,"markets@ttguc.org.au

ttguc.org.au/banksia-markets",,,,X,,,,,,,,,,,,X,,,,,,,,,,,,X,,,,,,,,,,,,,,,X,,,,,,,,,,,,X,,,,,,,,,,,,,,,X,,,,,,,,,,,,X,,,,,,,,,,,,X,,,,,,,,,,,,,,,X,,,,,,,,,,,,X,,,,,,,,,,,,X,,,,,,,,,,,,,,,X,,,,,,,,,,,,
Blackwood Craft Market,Blackwood,Blackwood,1st Sunday,,"February 2, 2025  
March 2, 2025  
April 6, 2025  
May 4, 2025  
June 1, 2025  
July 6, 2025  
August 3, 2025  
September 7, 2025  
October 5, 2025  
November 2, 2025  
December 7, 2025  ",https://www.facebook.com/pages/blackwood%20craft%20Market/215162128583548,blackwoodcraftmarketsa@gmail.com,,,,,,,,,,,,,,,,,X,,,,,,,,,,,,X,,,,,,,,,,,,,,,X,,,,,,,,,,,,X,,,,,,,,,,,,X,,,,,,,,,,,,,,,X,,,,,,,,,,,,X,,,,,,,,,,,,,,,X,,,,,,,,,,,,X,,,,,,,,,,,,X,,,,,,,,,,,,,,,X,,,,,,,,,,,
Blakes Crossing Markets,Blakeview,,1st Sunday,9am - 1pm,"January 5, 2025
February 2, 2025
March 2, 2025
April 6, 2025
May 4, 2025
June 1, 2025
July 6, 2025
August 3, 2025
September 7, 2025
October 5, 2025
November 2, 2025
December 7, 2025",https://www.facebook.com/BlakesCrossingMarkets/,,,,,,X,,,,,,,,,,,,X,,,,,,,,,,,,X,,,,,,,,,,,,,,,X,,,,,,,,,,,,X,,,,,,,,,,,,X,,,,,,,,,,,,,,,X,,,,,,,,,,,,X,,,,,,,,,,,,,,,X,,,,,,,,,,,,X,,,,,,,,,,,,X,,,,,,,,,,,,,,,X,,,,,,,,,,,
Brighton Sunday Market,Brighton,"305 Brighton Road, Adelaide, SA, Australia, South Australia","2nd Sunday
4th Sunday",7am - 12pm,"January 12, 2025
January 26, 2025
February 9, 2025
February 23, 2025
March 9, 2025
March 23, 2025
April 13, 2025
April 27, 2025
May 11, 2025
May 25, 2025
June 8, 2025
June 22, 2025
July 13, 2025
July 27, 2025
August 10, 2025
August 24, 2025
September 14, 2025
September 28, 2025
October 12, 2025
October 26, 2025
November 9, 2025
November 23, 2025
December 14, 2025
December 28, 2025",https://www.facebook.com/BrightonSundayMarket/,,,,,,,,,X,,,,,,X,,,,,,X,,,,,,X,,,,,,X,,,,,,X,,,,,,,,,X,,,,,,X,,,,,,X,,,,,,X,,,,,,X,,,,,,X,,,,,,,,,X,,,,,,X,,,,,,X,,,,,,X,,,,,,,,,X,,,,,,X,,,,,,X,,,,,,X,,,,,,X,,,,,,X,,,,,,,,,X,,,,,,X,,
Club West Lakes Indoor market,West lakes shore,"21 Edwin st, West Lakes Shore.  5020",1st Sunday,,"March 2, 2025",Lakes Sports and Community Club,,,,,,,,,,,,,,,,,,,,,,,,,,,,,,X,,,,,,,,,,,,,,,,,,,,,,,,,,,,,,,,,,,,,,,,,,,,,,,,,,,,,,,,,,,,,,,,,,,,,,,,,,,,,,,,,,,,,,,,,,,,,,,,,,,,,,,,,,,,,,,,,,,,,,,,,,,,,,,,,,,
Club West Lakes Lakes Indoor Market,West Lakes,"21 Edwin Street, Westlake Shore",,10am - 2pm,"March 2, 2025",https://www.facebook.com/groups/1408382199437433/user/100027974937092/,"lakesscc@bigpond.com
82421144",,,,,,,,,,,,,,,,,,,,,,,,,,,,,X,,,,,,,,,,,,,,,,,,,,,,,,,,,,,,,,,,,,,,,,,,,,,,,,,,,,,,,,,,,,,,,,,,,,,,,,,,,,,,,,,,,,,,,,,,,,,,,,,,,,,,,,,,,,,,,,,,,,,,,,,,,,,,,,,,,
Copper Coast Repair Cafe & Bazzar,Kadina,"Kadina Show Grounds/ Exhibition Hall, Kadina, SA, Australia, South Australia",1st Sunday,9am - 2pm,"Febuary 2, 2025
March 2, 2025
April 6, 2025
May 4, 2025
June 8, 2025
July 6, 2025
August ?, 2025
Septemeber 7, 2025
October 5, 2025
November 2, 2025
December 7, 2025",https://www.facebook.com/profile.php?id=61565082509201,"
0400 601 525

kadinarepaircafe@gmail.com",,,,,,,,,,,,,,,,,,,,,,,,,,,,,X,,,,,,,,,,,,,,,X,,,,,,,,,,,,X,,,,,,,,,,,,,,,X,,,,,,,,,,,,X,,,,,,,,,,,,,,,,,,,,,,,,,,,,,,,,,,,,,,,X,,,,,,,,,,,,X,,,,,,,,,,,,,,,X,,,,,,,,,,,
Craigmore community market,Craigmore,YMCA Craigmore shopping center Yorktown road Craigmore,"4th Sunday, 5th Saturday",,,,craigmore_community_market@outlook.com,,,,,,,,,,,,,,,,,,,,,,,,,,,,,,,,,,,,,,,,,,,,,,,,,,,,,,,,,,,,,,,,,,,,,,,,,,,,,,,,,,,,,,,,,,,,,,,,,,,,,,,,,,,,,,,,,,,,,,,,,,,,,,,,,,,,,,,,,,,,,,,,,,,,,,,,,,,,,,,,
Eudunda Community Market,Eudunda,"Eudunda Community Hub and Shed, 
Eudanda Gardens Bruce Street",,8:30 - 12:30,,https://www.facebook.com/groups/332775039169121/,"Jenny Kirby 
0416253168 ",,,,,,,,,,,,,,,,,,,,,,,,,,,,,,,,,,,,,,,,,,,,,,,,,,,,,,,,,,,,,,,,,,,,,,,,,,,,,,,,,,,,,,,,,,,,,,,,,,,,,,,,,,,,,,,,,,,,,,,,,,,,,,,,,,,,,,,,,,,,,,,,,,,,,,,,,,,,,,,,
Fullarton Market,Adelaide,"411 Fullarton Road, Adelaide, SA, Australia, South Australia",4th Saturday,9am - 2pm,"January 25, 2025",https://www.facebook.com/FullartonMarket/,"0408 682 826

Fullartonmarket@gmail.com

stallmanager.com.au/apply/67324112607f96b34342f8.17638704",,,,,,,,,,,,,X,,,,,,,,,,,,,,,,,,,,,,,,,,,,,,,,,,,,,,,,,,,,,,,,,,,,,,,,,,,,,,,,,,,,,,,,,,,,,,,,,,,,,,,,,,,,,,,,,,,,,,,,,,,,,,,,,,,,,,,,,,,,,,,,,,,,,,,,,,,,,,,,,,,
Gathered market,Adelaide City,Gawler Place Canopy Rundle Mall,Specific Dates,9am - 5pm,"February 16, 2025",https://www.gatheredsa.com.au/?fbclid=IwZXh0bgNhZW0CMTEAAR19TDlaT7_kqzZqgTXt_BpFOuWYKLYagYk1GmhWxlRo5S9hyPsS6IBlWnQ_aem_zpnYk41DLAcdzVLQsFFSUw,,,,,,,,,,,,,,,,,,,,,,,,X,,,,,,,,,,,,,,,,,,,,,,,,,,,,,,,,,,,,,,,,,,,,,,,,,,,,,,,,,,,,,,,,,,,,,,,,,,,,,,,,,,,,,,,,,,,,,,,,,,,,,,,,,,,,,,,,,,,,,,,,,,,,,,,,,,,,,,,,,
Gawler Makers Market,Gawler,,,,,https://www.facebook.com/profile.php?id=100082896384813&mibextid=ZbWKwL,"0431 866 586
    gawlermakersmarket@gmail.com",,,,,,,,,,,,,,,,,,,,,,,,,,,,,,,,,,,,,,,,,,,,,,,,,,,,,,,,,,,,,,,,,,,,,,,,,,,,,,,,,,,,,,,,,,,,,,,,,,,,,,,,,,,,,,,,,,,,,,,,,,,,,,,,,,,,,,,,,,,,,,,,,,,,,,,,,,,,,,,,
Gilles at the Grounds,Wayville,,Specific Dates,9:00am - 3:00 pm,"February 2, 2025
February 23, 2025
March 16, 2025
April 5, 2025
April 27, 2025
May 18, 2025
June 15, 2025
July 19, 2025",https://gillesatthegrounds.com.au/?fbclid=IwZXh0bgNhZW0CMTEAAR3L8JgG55E5ddepe3QLmB0rgcPCic6un7D7gXvj9nxbbwIZVCyhNjEKk3k_aem_NtWKNmkpdI_vRJb1zHDtQQ,,,,,,,,,,,,,,,,,,X,,,,,,,,,X,,,,,,,,,X,,,,,,,,X,,,,,,,,,,X,,,,,,,,,X,,,,,,,,,,,,X,,,,,,,,,,,,,,X,,,,,,,,,,,,,,,,,,,,,,,,,,,,,,,,,,,,,,,,,,,,,,,,,,,,,,,,,,,,,,,,,,,,,,,,
Glenelg Sunset Markets,Glenelg,"Jetty Rd, Glenelg",Specific Dates,,"March 9, 2025
April 13, 2025",https://www.facebook.com/GlenelgSunsetMarkets,"0414 356 375
Mobile

hello@adminmarkets.com.au",,,,,,,,,,,,,,,,,,,,,,,,,,,,,,,,X,,,,,,,,,,,,,,,X,,,,,,,,,,,,,,,,,,,,,,,,,,,,,,,,,,,,,,,,,,,,,,,,,,,,,,,,,,,,,,,,,,,,,,,,,,,,,,,,,,,,,,,,,,,,,,,,,,,,,,,,,,,,,,,,,
Goolwa Wharf Markets,Goolwa,,"1st Sunday
3rd Sunday
Every Sunday in Summer",9am - 2pm,"January 5, 2025
January 19, 2025
February 2, 2025
February 16, 2025
March 2, 2025
March 16, 2025
April 6, 2025
April 20, 2025
May 4, 2025
May 18, 2025
June 1, 2025
June 15, 2025
July 6, 2025
July 20, 2025
August 3, 2025
August 17, 2025
September 7, 2025
September 21, 2025
October 5, 2025
October 19, 2025
November 2, 2025
November 16, 2025
December 7, 2025
December 21, 2025 ​
​",https://www.rotaryencounterbay.org.au/markets/goolwa-market/?fbclid=IwZXh0bgNhZW0CMTEAAR2ACEpxHwYfMkm6CYoZaCh1VLDrBU27LMYgkIFxa-gBj54JN9KODrf-3bw_aem_sDmAm9espr2kFOtrIgNhVw,,,,,,X,,,,,,X,,,,,,X,,,,,,X,,,,,,X,,,,,,X,,,,,,,,,X,,,,,,X,,,,,,X,,,,,,X,,,,,,X,,,,,,X,,,,,,,,,X,,,,,,X,,,,,,X,,,,,,X,,,,,,,,,X,,,,,,X,,,,,,X,,,,,,X,,,,,,X,,,,,,X,,,,,,,,,X,,,,,,X,,,,,
Gumeracha Fifth Sunday Market,Gumeracha,"
Federation Park, Gumeracha",5th Sunday,10am - 3pm,"March 30, 2025  
June 29, 2025  
August 31, 2025  
November 30, 2025  ",https://www.facebook.com/groups/904864330527767/,,,,,,,,,,,,,,,,,,,,,,,,,,,,,,,,,,,,,,,,,,X,,,,,,,,,,,,,,,,,,,,,,,,,,,,,,,,,,,,,,,X,,,,,,,,,,,,,,,,,,,,,,,,,,,X,,,,,,,,,,,,,,,,,,,,,,,,,,,,,,,,,,,,,,,X,,,,,,,,,,,,,,
Hahndorf POP Market,Hahndorf,"Institute, 59 Main Road, Hahndorf",Various,11am - 4pm,,"https://www.facebook.com/POPMarket2015/
https://popmarket.net/","Kate 0458260605
Admin@popmarket.net",,,,,,,,,,,,,,,,,,,,,,,,,,,,,,,,,,,,,,,,,,,,,,,,,,,,,,,,,,,,,,,,,,,,,,,,,,,,,,,,,,,,,,,,,,,,,,,,,,,,,,,,,,,,,,,,,,,,,,,,,,,,,,,,,,,,,,,,,,,,,,,,,,,,,,,,,,,,,,,,
Laura Markets,Laura,"
Hughes Street, Laura, SA, Australia, South Australia",1st Saturday,9am - 1pm,"March 1, 2025  
May 3, 2025  
July 5, 2025  
September 6, 2025  
November 1, 2025  
December 13, 2025",https://www.facebook.com/LauraMarkets/,"
Lauramarkets5480@gmail.com",,,,,,,,,,,,,,,,,,,,,,,,,,,,X,,,,,,,,,,,,,,,,,,,,,,,,,,,X,,,,,,,,,,,,,,,,,,,,,,,,,,,X,,,,,,,,,,,,,,,,,,,,,,,,,,,X,,,,,,,,,,,,,,,,,,,,,,,,X,,,,,,,,,,,,,,,,,,X,,,,,,,,,
Limestone Coast Market,"Naracoorte, Robe","Robe Institute
Heavy Vehicle Rest Area Clay Wells Road, Mundy Ter, Robe SA 5276, Australia",,9:00 am - 1pm,"5 Jan 2025,
12 Jan 2025,
19 Jan 2025,
9 Mar 2025,
20 April 2025",https://www.facebook.com/LCFGFarmersandMakersMarket/,"market@limestonecoastfood.com.au
limestonecoastfood.com.au",,,,,,,,,,,,,,,,,,,,,,,,,,,,,,,,,,,,,,,,,,,,,,,,,,,,,,,,,,,,,,,,,,,,,,,,,,,,,,,,,,,,,,,,,,,,,,,,,,,,,,,,,,,,,,,,,,,,,,,,,,,,,,,,,,,,,,,,,,,,,,,,,,,,,,,,,,,,,,,,
Macclesfield Market,Macclesfield,"Macclefield Institute, 33 Venable Street, Macclesfield, SA, Australia, South Australia",1st Sunday,10am - 3pm,"February 2, 2025",https://www.facebook.com/macclesfieldmarket,maccymarkets@gmail.com,,,,,,,,,,,,,,,,,X,,,,,,,,,,,,,,,,,,,,,,,,,,,,,,,,,,,,,,,,,,,,,,,,,,,,,,,,,,,,,,,,,,,,,,,,,,,,,,,,,,,,,,,,,,,,,,,,,,,,,,,,,,,,,,,,,,,,,,,,,,,,,,,,,,,,,,,,,,,,,,,
Magill Sunrise Market,Campbelltown,"Campbelltown Memorial Oval, Darley Road, Paradise, SA, Australia, South Australia",2nd Sunday,9am - 2pm,"February 9, 2025
March 9, 2025
April 13, 2025
May 11, 2025
July 13, 2025
August 10, 2025
September 14, 2025
October 12, 2025
November 9, 2025
December 14, 2025 ​
​",https://www.facebook.com/magillsunrisemarket/,"0415 453 101
magillsunrisemarket@gmail.com

magillrotary.org.au/magill-rotary-market",,,,,,,,,,,,,,,,,,,,X,,,,,,,,,,,,X,,,,,,,,,,,,,,,X,,,,,,,,,,,,X,,,,,,,,,,,,,,,,,,,,,,,,,,,X,,,,,,,,,,,,X,,,,,,,,,,,,,,,X,,,,,,,,,,,,X,,,,,,,,,,,,X,,,,,,,,,,,,,,,X,,,,,,,,
Magpie Market - Salisbury Football Club,Salisbury,"Memorial Avenue, Salisbury, 5108",Specific Dates,,"April 12, 2025",,magpiemarket25@outlook.com,"This is an annual market, held outside on a football oval. This will be our 3rd year, with the first 2 years being very successful.Email Narelle via magpiemarket25@outlook.com for an expression of interest.  Thank you",,,,,,,,,,,,,,,,,,,,,,,,,,,,,,,,,,,,,,,,,,,,,X,,,,,,,,,,,,,,,,,,,,,,,,,,,,,,,,,,,,,,,,,,,,,,,,,,,,,,,,,,,,,,,,,,,,,,,,,,,,,,,,,,,,,,,,,,,,,,,,,,,,,,,,,,,,,,,,,,
Maitland Markets,Maitland,"3 Robert St, Maitland","Every Thursday
Every Friday",10am - 2pm,,, maitlandmarketsa@gmail.com,,,,,,,,,,,,,,,,,,,,,,,,,,,,,,,,,,,,,,,,,,,,,,,,,,,,,,,,,,,,,,,,,,,,,,,,,,,,,,,,,,,,,,,,,,,,,,,,,,,,,,,,,,,,,,,,,,,,,,,,,,,,,,,,,,,,,,,,,,,,,,,,,,,,,,,,,,,,,,,,
Make it mine market (Henley),Henley,"257 Seaview Rd, Henley Beach, SA, Australia, South Australia",Specific Dates,10am - 3pm,"January 19, 2025  
February 2, 2025  
February 23, 2025  
March 30, 2025  
April 27, 2025  
May 25, 2025  
June 29, 2025  ","https://www.facebook.com/makeitminemarkets
https://www.makeitminemarkets.com.au/?fbclid=IwZXh0bgNhZW0CMTAAAR3fwP6ae5OdtE62PMy-ELX6m7An-niFJaZGihTNxcAXNllBbFehgC4udTk_aem_iQ6dQkiaXACDrJPeBiHHiQ","0425 834 567

henley@makeitminemarkets.com.au",,,,,,,,,,,X,,,,,,X,,,,,,,,,X,,,,,,,,,,,,,,,X,,,,,,,,,,,,X,,,,,,,,,,,,X,,,,,,,,,,,,,,,X,,,,,,,,,,,,,,,,,,,,,,,,,,,,,,,,,,,,,,,,,,,,,,,,,,,,,,,,,,,,,,,,,,,,,,,,,,,,,,,,
Makers on Melrose,Mount Pleasant,"Showgrounds, Melrose Street, Mount Pleasant",3rd Saturday,8am - 12pm,"January 18, 2025  
February 15, 2025  
March 15, 2025  
April 19, 2025  
May 17, 2025  
June 21, 2025  
July 19, 2025  
August 16, 2025  
September 20, 2025  
October 18, 2025  
November 15, 2025  
December 20, 2025  ",,,,,,,,,,,,X,,,,,,,,,,,,X,,,,,,,,,,,,X,,,,,,,,,,,,,,,X,,,,,,,,,,,,X,,,,,,,,,,,,,,,X,,,,,,,,,,,,X,,,,,,,,,,,,X,,,,,,,,,,,,,,,X,,,,,,,,,,,,X,,,,,,,,,,,,X,,,,,,,,,,,,,,,X,,,,,,
Mannum Market,Mannum,"Arnold Park, 
Randell Street, Mannum, SA, Australia, South Australia",1st Sunday,9am - 2pm,"January 5, 2025",https://www.facebook.com/mannummarkets,mannumvic@psmarion.com,,,,,X,,,,,,,,,,,,,,,,,,,,,,,,,,,,,,,,,,,,,,,,,,,,,,,,,,,,,,,,,,,,,,,,,,,,,,,,,,,,,,,,,,,,,,,,,,,,,,,,,,,,,,,,,,,,,,,,,,,,,,,,,,,,,,,,,,,,,,,,,,,,,,,,,,,,,,,,,,,
Mardin Markets,Marden,"65 lower portrush rd marden, Adelaide, SA, Australia, South Australia",Every Saturday,8am - ??,"January 4, 2025  
January 11, 2025  
January 18, 2025  
January 25, 2025  
February 1, 2025  
February 8, 2025  
February 15, 2025  
February 22, 2025  
March 1, 2025  
March 8, 2025  
March 15, 2025  
March 22, 2025  
March 29, 2025  
April 5, 2025  
April 12, 2025  
April 19, 2025  
April 26, 2025  
May 3, 2025  
May 10, 2025  
May 17, 2025  
May 24, 2025  
May 31, 2025  
June 7, 2025  
June 14, 2025  
June 21, 2025  
June 28, 2025  
July 5, 2025  
July 12, 2025  
July 19, 2025  
July 26, 2025  
August 2, 2025  
August 9, 2025  
August 16, 2025  
August 23, 2025  
August 30, 2025  
September 6, 2025  
September 13, 2025  
September 20, 2025  
September 27, 2025  
October 4, 2025  
October 11, 2025  
October 18, 2025  
October 25, 2025  
November 1, 2025  
November 8, 2025  
November 15, 2025  
November 22, 2025  
November 29, 2025  
December 6, 2025  
December 13, 2025  
December 20, 2025  
December 27, 2025 ",https://www.facebook.com/mardenmarkets/,"0438 846 163

mardenmarkets@hotmail.com",,,,X,,,X,,,X,,,X,,,X,,,X,,,X,,,X,,,X,,,X,,,X,,,X,,,X,,,X,,,X,,,X,,,X,,,X,,,X,,,X,,,X,,,X,,,X,,,X,,,X,,,X,,,X,,,X,,,X,,,X,,,X,,,X,,,X,,,X,,,X,,,X,,,X,,,X,,,X,,,X,,,X,,,X,,,X,,,X,,,X,,,X,,,X,,,X,,,X,,,X,,,X,,,X,,,
Market in the Gardens (Gawler),Evanston Gardens,"Evanston Gardens Community Hall, 65 Angle Vale Road Evanston Gardens",Specific Dates,9am - 1pm,"January 18, 2025  
February 15, 2025  ","https://www.facebook.com/marketinthegardens
https://marketinthegardens.com.au/","
hello@marketinthegardens.com.au",,,,,,,,,,X,,,,,,,,,,,,X,,,,,,,,,,,,,,,,,,,,,,,,,,,,,,,,,,,,,,,,,,,,,,,,,,,,,,,,,,,,,,,,,,,,,,,,,,,,,,,,,,,,,,,,,,,,,,,,,,,,,,,,,,,,,,,,,,,,,,,,,,,,,,,,,,,,,,,,,,
Markets at the Mill,Port Adelaide,"9a Mundy street, Port Adelaide, Adelaide, SA, Australia, South Australia
Info@mar",Specific Dates,,"January 19, 2025  
March 30, 2025  ","https://linktr.ee/marketsatthemill?utm_source=linktree_profile_share&ltsid=710573e6-311c-4980-82bc-e7d73c4fc101
https://www.facebook.com/p/Markets-at-the-Mill-100087164242823/",,,,,,,,,,,,X,,,,,,,,,,,,,,,,,,,,,,,,,,,,,,X,,,,,,,,,,,,,,,,,,,,,,,,,,,,,,,,,,,,,,,,,,,,,,,,,,,,,,,,,,,,,,,,,,,,,,,,,,,,,,,,,,,,,,,,,,,,,,,,,,,,,,,,,,,,,,,,,,,,,,,
Markets in Prospect,Prospect,"Blackfrairs School, 17 Prospect Rd, Prospect SA 5082",Specific Dates,10:00 - 16:00,"March 2, 2025",https://www.facebook.com/marketsonchurchill/,marketsinprospect@gmail.com,,,,,,,,,,,,,,,,,,,,,,,,,,,,,X,,,,,,,,,,,,,,,,,,,,,,,,,,,,,,,,,,,,,,,,,,,,,,,,,,,,,,,,,,,,,,,,,,,,,,,,,,,,,,,,,,,,,,,,,,,,,,,,,,,,,,,,,,,,,,,,,,,,,,,,,,,,,,,,,,,
Mclarwn vale craft market,Mclaren vale,144 main road mclaren vale,4th Saturday,,"January 18, 2025",,mclarenvalecraftmarket@hotmail.com,,,,,,,,,,X,,,,,,,,,,,,,,,,,,,,,,,,,,,,,,,,,,,,,,,,,,,,,,,,,,,,,,,,,,,,,,,,,,,,,,,,,,,,,,,,,,,,,,,,,,,,,,,,,,,,,,,,,,,,,,,,,,,,,,,,,,,,,,,,,,,,,,,,,,,,,,,,,,,,,,
Meadows Market,Meadows,"
Mawson Road, Meadows, SA, Australia, South Australia",2nd Sunday,9am - 1:30pm,"January 12, 2025",https://www.facebook.com/meadowscountrymarket,MeadowsMarketSA@gmail.com,,,,,,,,X,,,,,,,,,,,,,,,,,,,,,,,,,,,,,,,,,,,,,,,,,,,,,,,,,,,,,,,,,,,,,,,,,,,,,,,,,,,,,,,,,,,,,,,,,,,,,,,,,,,,,,,,,,,,,,,,,,,,,,,,,,,,,,,,,,,,,,,,,,,,,,,,,,,,,,,,
Millicent Showgrounds Market,Millicent,"Adelaide Rd, Millicent",1st Saturday,9am - 1pm,"February 1, 2025  
March 1, 2025  
April 5, 2025  
May 3, 2025  
June 7, 2025  
July 5, 2025  
August 2, 2025  
September 6, 2025  
October 4, 2025  
November 1, 2025  
December 6, 2025  
Twilight (TBA)  ",https://www.facebook.com/Millicentahpsociety,459333560,,,,,,,,,,,,,,,,X,,,,,,,,,,,,X,,,,,,,,,,,,,,,X,,,,,,,,,,,,X,,,,,,,,,,,,,,,X,,,,,,,,,,,,X,,,,,,,,,,,,X,,,,,,,,,,,,,,,X,,,,,,,,,,,,X,,,,,,,,,,,,X,,,,,,,,,,,,,,,X,,,,,,,,,,,,
Mind Body Pyschic Expo,Adelaide,Goodwood Road,Specific Dates,,"May 24, 2025  
May 25, 2025  ",https://www.facebook.com/BodyMindPsychic/,"0415 290 410

bodymindpsychicexpo@gmail.com

bodymindpsychic.com",,,,,,,,,,,,,,,,,,,,,,,,,,,,,,,,,,,,,,,,,,,,,,,,,,,,,,,,,,,,,,,,X,X,,,,,,,,,,,,,,,,,,,,,,,,,,,,,,,,,,,,,,,,,,,,,,,,,,,,,,,,,,,,,,,,,,,,,,,,,,,,,,,,,,,,,,,,,,,,,,,
Mount Pleasant Farmers Market,Mount Pleasant,Mount Pleasant,,,,https://www.facebook.com/mountpleasantfarmersmarketau/,,,,,,,,,,,,,,,,,,,,,,,,,,,,,,,,,,,,,,,,,,,,,,,,,,,,,,,,,,,,,,,,,,,,,,,,,,,,,,,,,,,,,,,,,,,,,,,,,,,,,,,,,,,,,,,,,,,,,,,,,,,,,,,,,,,,,,,,,,,,,,,,,,,,,,,,,,,,,,,,,
Mount Torrens Seasonal Market,Mount Torrens,Townsend Street (Main street) Mount Torrens,4th Sunday,10am - 3pm,"January 26, 2025  
February 23, 2025  
March 23, 2025  
April 27, 2025  
May 25, 2025  
June 22, 2025  
July 27, 2025  
August 24, 2025  
September 28, 2025  
October 26, 2025  
November 23, 2025  
December 28, 2025  ",,,,,,,,,,,,,,,,X,,,,,,,,,,,,X,,,,,,,,,,,,X,,,,,,,,,,,,,,,X,,,,,,,,,,,,X,,,,,,,,,,,,X,,,,,,,,,,,,,,,X,,,,,,,,,,,,X,,,,,,,,,,,,,,,X,,,,,,,,,,,,X,,,,,,,,,,,,X,,,,,,,,,,,,,,,X,,
Murray Bridge Craft Crawl,Murray Bridge,Various locations set up on a trail map,Specific Dates,,,,,,,,,,,,,,,,,,,,,,,,,,,,,,,,,,,,,,,,,,,,,,,,,,,,,,,,,,,,,,,,,,,,,,,,,,,,,,,,,,,,,,,,,,,,,,,,,,,,,,,,,,,,,,,,,,,,,,,,,,,,,,,,,,,,,,,,,,,,,,,,,,,,,,,,,,,,,,,,,,,,
Mylor Market ,Mylor,"321-323 Strathalbyn Rd, Mylor, SA, Australia, South Australia",1st Sunday,9am - 1pm,"March 2, 2025  
April 6, 2025  
May 4, 2025  
October 5, 2025  
November 2, 2025  
December 7, 2025  ",https://www.facebook.com/MylorMarketOfficial/,"Dee 0439 793 382

madgey20@bigpond.com","Location: Outdoor market (requires marquees with weights; no power access).
Market Type:
    ""If you make it, you can sell it"" market.
    Allows car boots of household items for sale.
Exclusions:
    No hot food, coffee, honey, or fresh vegetables (fruit is acceptable).",,,,,,,,,,,,,,,,,,,,,,,,,,,,X,,,,,,,,,,,,,,,X,,,,,,,,,,,,X,,,,,,,,,,,,,,,,,,,,,,,,,,,,,,,,,,,,,,,,,,,,,,,,,,,,,,,,,,,,,,,,,,X,,,,,,,,,,,,X,,,,,,,,,,,,,,,X,,,,,,,,,,,
North East Community Day,Hillcrest,"Queensborough Reserve, Hillcrest",Specific Dates,10am - 2pm,Around Nov 2025,https://www.facebook.com/NECommunityDay,"(08) 8369 0329

nenh@tpg.com.au",,,,,,,,,,,,,,,,,,,,,,,,,,,,,,,,,,,,,,,,,,,,,,,,,,,,,,,,,,,,,,,,,,,,,,,,,,,,,,,,,,,,,,,,,,,,,,,,,,,,,,,,,,,,,,,,,,,,,,,,,,,,,,,,,,,,,,,,,,,,,,,,,,,,,,,,,,,,,,,,
Oakbank Market,Oakbank,"Oakbank Soldiers Memorial Hall, 210 Onkaparinga Valley Road Oakbank",2nd Saturday,9am - 2pm,"January 11, 2025  
February 8, 2025  
March 8, 2025  
April 12, 2025  
May 10, 2025  
June 14, 2025  
July 12, 2025  
August 9, 2025  
September 13, 2025  
October 11, 2025  
November 8, 2025  
December 13, 2025  ",,Vicky 0414453085,,,,,,,X,,,,,,,,,,,,X,,,,,,,,,,,,X,,,,,,,,,,,,,,,X,,,,,,,,,,,,X,,,,,,,,,,,,,,,X,,,,,,,,,,,,X,,,,,,,,,,,,X,,,,,,,,,,,,,,,X,,,,,,,,,,,,X,,,,,,,,,,,,X,,,,,,,,,,,,,,,X,,,,,,,,,
Old Spot Farmers Direct Market,Salisbury,"Old Spot Hotel Carpark, Salisbury, SA, Australia, South Australia",Every Saturday,8am - 1PM,"January 4, 2025  
January 11, 2025  
January 18, 2025  
January 25, 2025  
February 1, 2025  
February 8, 2025  
February 15, 2025  
February 22, 2025  
March 1, 2025  
March 8, 2025  
March 15, 2025  
March 22, 2025  
March 29, 2025  
April 5, 2025  
April 12, 2025  
April 19, 2025  
April 26, 2025  
May 3, 2025  
May 10, 2025  
May 17, 2025  
May 24, 2025  
May 31, 2025  
June 7, 2025  
June 14, 2025  
June 21, 2025  
June 28, 2025  
July 5, 2025  
July 12, 2025  
July 19, 2025  
July 26, 2025  
August 2, 2025  
August 9, 2025  
August 16, 2025  
August 23, 2025  
August 30, 2025  
September 6, 2025  
September 13, 2025  
September 20, 2025  
September 27, 2025  
October 4, 2025  
October 11, 2025  
October 18, 2025  
October 25, 2025  
November 1, 2025  
November 8, 2025  
November 15, 2025  
November 22, 2025  
November 29, 2025  
December 6, 2025  
December 13, 2025  
December 20, 2025  
December 27, 2025  ",https://www.facebook.com/oldspotfarmdirect/,"0403 379 500

aldridgemark@bigpond.com

markmaldridge.com",,,,X,,,X,,,X,,,X,,,X,,,X,,,X,,,X,,,X,,,X,,,X,,,X,,,X,,,X,,,X,,,X,,,X,,,X,,,X,,,X,,,X,,,X,,,X,,,X,,,X,,,X,,,X,,,X,,,X,,,X,,,X,,,X,,,X,,,X,,,X,,,X,,,X,,,X,,,X,,,X,,,X,,,X,,,X,,,X,,,X,,,X,,,X,,,X,,,X,,,X,,,X,,,X,,,
One Planet Market,Payneham,"Payneham Community Center, 
374 Payneham Road Payneham , Adelaide, SA, Australia, South Australia",3rd Saturday,"9am - 12pm (Summer)
10am - 1pm (Winter)","January 18, 2025
February 15, 2025
March 15, 2025
May 17, 2025
June 21, 2025
July 19, 2025
August 16, 2025
September 20, 2025
October 18, 2025
November 15, 2025
December 20, 2025",https://www.facebook.com/01planet/,"Bibi 
opm@sustainablecommunitiessa.org.au

sustainablecommunitiessa.org.au",,,,,,,,,,X,,,,,,,,,,,,X,,,,,,,,,,,,X,,,,,,,,,,,,,,,,,,,,,,,,,,,X,,,,,,,,,,,,,,,X,,,,,,,,,,,,X,,,,,,,,,,,,X,,,,,,,,,,,,,,,X,,,,,,,,,,,,X,,,,,,,,,,,,X,,,,,,,,,,,,,,,X,,,,,,
One Tree Hill Market,One Tree Hill,"Black Top Road, One Tree Hill, SA, Australia, South Australia",1st Saturday,8:30am - 1pm,"January 4, 2025
February 1, 2025
March 1, 2025
April 5, 2025
May 3, 2025
June 7, 2025
July 5, 2025
August 2, 2025
September 6, 2025
October 4, 2025
November 1, 2025
December 6, 2025","https://www.facebook.com/OTHcountrymarket?mibextid=ZbWKwL
http://onetreehill.org.au/index.php/market?fbclid=IwZXh0bgNhZW0CMTAAAR0nHjV85n23eez7GXKNh4eTp7v3gLvHXCoVUZsK5fCRjrC0lS8yL6QXTR0_aem_cgt0obJG1dzZC29JhT-kRw","0457 107 817
market@onetreehill.org.au",,,,X,,,,,,,,,,,,X,,,,,,,,,,,,X,,,,,,,,,,,,,,,X,,,,,,,,,,,,X,,,,,,,,,,,,,,,X,,,,,,,,,,,,X,,,,,,,,,,,,X,,,,,,,,,,,,,,,X,,,,,,,,,,,,X,,,,,,,,,,,,X,,,,,,,,,,,,,,,X,,,,,,,,,,,,
Onkaparinga Rotary Market,Woodside,"Institute, Onkaparinga Valley Road, Woodside",3rd Saturday,9am - 2pm,"January 18, 2025  
February 15, 2025  
March 15, 2025  
April 19, 2025  
May 17, 2025  
June 21, 2025  
July 19, 2025  
August 16, 2025  
September 20, 2025  
October 18, 2025  
November 15, 2025  
December 20, 2025  ",,Laurie ljdoube@gmail.com,,,,,,,,,,X,,,,,,,,,,,,X,,,,,,,,,,,,X,,,,,,,,,,,,,,,X,,,,,,,,,,,,X,,,,,,,,,,,,,,,X,,,,,,,,,,,,X,,,,,,,,,,,,X,,,,,,,,,,,,,,,X,,,,,,,,,,,,X,,,,,,,,,,,,X,,,,,,,,,,,,,,,X,,,,,,
Orroroo Market,Orroroo,"second st, Orroroo, SA, Australia",Various Dates,9am - 1pm,"Sunday March 30th 9am - 1pm
Sunday July 27th 9am - 1pm
Saturday September 27th 9am - 1pm 150 year’s celebrations 
Sunday November 9th 8-30am - 12-30pm",https://www.facebook.com/orroroo,Contact Joy 0427533628 or Orroroo Regional Tourism Group for more information,"ORROROO MARKET DATES 2025
Sunday March 30th 9am - 1pm
Sunday July 27th 9am - 1pm
Saturday September 27th 9am - 1pm 150 year’s celebrations 
Sunday November 9th 8-30am - 12-30pm
Contact Joy 0427533628 or Orroroo Regional Tourism Group for more information",,,,,,,,,,,,,,,,,,,,,,,,,,,,,,,,,,,,,,,,,,,,,,,,,,,,,,,,,,,,,,,,,,,,,,,,,,,,,,,,,,,,,,,,,,,,,,,,,,,,,,,,,,,,,,,,,,,,,,,,,,,,,,,,,,,,,,,,,,,,,,,,,,,,,,,,,,,,,,,
Port Elliot Rotary Market,Port Elliot,"Lakala Reserve, Young Street, Port Elliot","1st Saturday
3rd Saturday",9am - 2pm,"January 4, 2025
January 18, 2025
February 1, 2025
February 15, 2025
March 1, 2025
March 15, 2025
April 5, 2025
April 19, 2025
May 3, 2025
May 17, 2025
June 7, 2025
June 21, 2025
July 5, 2025
July 19, 2025
August 2, 2025
August 16, 2025
September 6, 2025
September 20, 2025
October 4, 2025
October 18, 2025
November 1, 2025
November 15, 2025
December 6, 2025
December 20, 2025",https://www.rotaryencounterbay.org.au/markets/port-elliot-market/?fbclid=IwZXh0bgNhZW0CMTEAAR2ZiYJYousn9UlEE1zp2szGXJ1EMZfsG1cvUEyC_-y39T26Ypoun6WPyAE_aem_nOCPyGPZQJUDfU6g8f5jag,,,,,X,,,,,,X,,,,,,X,,,,,,X,,,,,,X,,,,,,X,,,,,,,,,X,,,,,,X,,,,,,X,,,,,,X,,,,,,,,,X,,,,,,X,,,,,,X,,,,,,X,,,,,,X,,,,,,X,,,,,,,,,X,,,,,,X,,,,,,X,,,,,,X,,,,,,X,,,,,,X,,,,,,,,,X,,,,,,X,,,,,,
Prospect Markets,Prospect,"Vine Street, Prospect",Specific Dates,10am - 3pm,"Check website for dates.
Vine St Market - 1 Feb 2025","https://www.facebook.com/marketsonchurchill?mibextid=ZbWKwL
https://linktr.ee/markets_in_prospect?fbclid=IwZXh0bgNhZW0CMTAAAR0fUhSFqZC9oeIoCIV2fms1LgLvB4L_m099uKO1RyTxGc3O2u74ziX6B28_aem_4RknbPvHkdONejDkvH90OA",marketsinprospect@gmail.com,,,,,,,,,,,,,,,,,,,,,,,,,,,,,,,,,,,,,,,,,,,,,,,,,,,,,,,,,,,,,,,,,,,,,,,,,,,,,,,,,,,,,,,,,,,,,,,,,,,,,,,,,,,,,,,,,,,,,,,,,,,,,,,,,,,,,,,,,,,,,,,,,,,,,,,,,,,,,,,,
Queen of Wands Psychic Fair Market,Moana,Moana Pioneer Hall,Specific Dates,10am - 4pm,"January 5, 2025",https://www.facebook.com/groups/1408382199437433/user/100063692646429/,queenofwandspsychicfair@gmail.com,,,,,X,,,,,,,,,,,,,,,,,,,,,,,,,,,,,,,,,,,,,,,,,,,,,,,,,,,,,,,,,,,,,,,,,,,,,,,,,,,,,,,,,,,,,,,,,,,,,,,,,,,,,,,,,,,,,,,,,,,,,,,,,,,,,,,,,,,,,,,,,,,,,,,,,,,,,,,,,,,
Quorn Markets,Quorn,Quorn Town Hall,Last Sunday of the Month,,,https://m.facebook.com/61556801258298/,,,,,,,,,,,,,,,,,,,,,,,,,,,,,,,,,,,,,,,,,,,,,,,,,,,,,,,,,,,,,,,,,,,,,,,,,,,,,,,,,,,,,,,,,,,,,,,,,,,,,,,,,,,,,,,,,,,,,,,,,,,,,,,,,,,,,,,,,,,,,,,,,,,,,,,,,,,,,,,,,
Riverton Country Market,Riverton,"Torrens Road, Riverton South Australia 5412",1st Saturday,,"February 1, 2025",https://www.facebook.com/profile.php?id=61566129931337,Contact: Cindy 0412805390 email: rivertoncountrymarket@gmail.com,The October long weekend will be a Twilight Market.,,,,,,,,,,,,,,,X,,,,,,,,,,,,,,,,,,,,,,,,,,,,,,,,,,,,,,,,,,,,,,,,,,,,,,,,,,,,,,,,,,,,,,,,,,,,,,,,,,,,,,,,,,,,,,,,,,,,,,,,,,,,,,,,,,,,,,,,,,,,,,,,,,,,,,,,,,,,,,,,
SA Farmers Market,Pooraka,Burma Road Pooraka,Every Sunday,6am - 1pm,"January 5, 2025
January 12, 2025
January 19, 2025
January 26, 2025
February 2, 2025
February 9, 2025
February 16, 2025
February 23, 2025
March 2, 2025
March 9, 2025
March 16, 2025
March 23, 2025
March 30, 2025
April 6, 2025
April 13, 2025
April 20, 2025
April 27, 2025
May 4, 2025
May 11, 2025
May 18, 2025
May 25, 2025
June 1, 2025
June 8, 2025
June 15, 2025
June 22, 2025
June 29, 2025
July 6, 2025
July 13, 2025
July 20, 2025
July 27, 2025
August 3, 2025
August 10, 2025
August 17, 2025
August 24, 2025
August 31, 2025
September 7, 2025
September 14, 2025
September 21, 2025
September 28, 2025
October 5, 2025
October 12, 2025
October 19, 2025
October 26, 2025
November 2, 2025
November 9, 2025
November 16, 2025
November 23, 2025
November 30, 2025
December 7, 2025
December 14, 2025
December 21, 2025
December 28, 2025","https://www.facebook.com/SAFarmersMarket/
https://www.saproducemarket.com.au/art-craft-stall-registrations-sa-farmers-market/","enquiry@safarmersmarketpooraka.com.au
Market Manager Salvy on +61 407 757 404",,,,,X,,,X,,,X,,,X,,,X,,,X,,,X,,,X,,,X,,,X,,,X,,,X,,,X,,,X,,,X,,,X,,,X,,,X,,,X,,,X,,,X,,,X,,,X,,,X,,,X,,,X,,,X,,,X,,,X,,,X,,,X,,,X,,,X,,,X,,,X,,,X,,,X,,,X,,,X,,,X,,,X,,,X,,,X,,,X,,,X,,,X,,,X,,,X,,,X,,,X,,,X,,,X,,
Saddlewoth Country Market,Saddleworth,"Saddleworth Institute Burra Road, Saddleworth, SA, Australia, South Australia",1st Sunday,,"January 5, 2025
February 2, 2025
March 2, 2025
April 6, 2025
May 4, 2025
June 1, 2025
July 6, 2025
August 3, 2025
September 7, 2025
October 5, 2025
November 2, 2025
December 7, 2025",https://www.makeitminemarkets.com.au/?fbclid=IwZXh0bgNhZW0CMTAAAR3fwP6ae5OdtE62PMy-ELX6m7An-niFJaZGihTNxcAXNllBbFehgC4udTk_aem_iQ6dQkiaXACDrJPeBiHHiQ,Heather 0400895723,,,,,X,,,,,,,,,,,,X,,,,,,,,,,,,X,,,,,,,,,,,,,,,X,,,,,,,,,,,,X,,,,,,,,,,,,X,,,,,,,,,,,,,,,X,,,,,,,,,,,,X,,,,,,,,,,,,,,,X,,,,,,,,,,,,X,,,,,,,,,,,,X,,,,,,,,,,,,,,,X,,,,,,,,,,,
Saint Luke's - Tailem Bend,Tailem Bend,,4th Saturday,9am - ? ,,,Pip Lyden 0402969580 linda,,,,,,,,,,,,,,,,,,,,,,,,,,,,,,,,,,,,,,,,,,,,,,,,,,,,,,,,,,,,,,,,,,,,,,,,,,,,,,,,,,,,,,,,,,,,,,,,,,,,,,,,,,,,,,,,,,,,,,,,,,,,,,,,,,,,,,,,,,,,,,,,,,,,,,,,,,,,,,,,
Second Valley Market,Second Valley,"Second Valley Hall, Second Valley, SA",Specific Dates,9am - 2pm,"January 25, 2025",https://www.facebook.com/secondvalleycommunitymarket/,"0417 857 518

fleurieusec@yahoo.com.au",,,,,,,,,,,,,X,,,,,,,,,,,,,,,,,,,,,,,,,,,,,,,,,,,,,,,,,,,,,,,,,,,,,,,,,,,,,,,,,,,,,,,,,,,,,,,,,,,,,,,,,,,,,,,,,,,,,,,,,,,,,,,,,,,,,,,,,,,,,,,,,,,,,,,,,,,,,,,,,,,
Semaphore Community Market,Semaphore,"200 Military Road, Semaphore, SA, Australia, South Australia",1st Sunday,10am - 3pm,"January 5, 2025
February 2, 2025
March 2, 2025
April 6, 2025
May 4, 2025
June 1, 2025
July 6, 2025
August 3, 2025
September 7, 2025
October 5, 2025
November 2, 2025
December 7, 2025",https://www.facebook.com/semaphore.community.market?mibextid=ZbWKwL,,,,,,X,,,,,,,,,,,,X,,,,,,,,,,,,X,,,,,,,,,,,,,,,X,,,,,,,,,,,,X,,,,,,,,,,,,X,,,,,,,,,,,,,,,X,,,,,,,,,,,,X,,,,,,,,,,,,,,,X,,,,,,,,,,,,X,,,,,,,,,,,,X,,,,,,,,,,,,,,,X,,,,,,,,,,,
SPIRIT OF PSYCHICS FAIR,Adelaide,"Market Shed on Holland
 1 Holland St, Adelaide SA 5000",Specific Dates,11am - 6pm,"February 16, 2025  
March 16, 2025  
April 27, 2025  
June 22, 2025  
July 20, 2025  
August 17, 2025  
September 28, 2025  
October 26, 2025  
November 16, 2025  ",http://www.bodymindpsychic.com/spirit-of-psychics-fair.html,,,,,,,,,,,,,,,,,,,,,,,,X,,,,,,,,,,,,X,,,,,,,,,,,,,,,,,,X,,,,,,,,,,,,,,,,,,,,,,,,X,,,,,,,,,,,,X,,,,,,,,,,,,X,,,,,,,,,,,,,,,,,,X,,,,,,,,,,,,X,,,,,,,,,X,,,,,,,,,,,,,,,,,,,,
Spring Garden Festival,Mount Pleasant,Mount Pleasant Showgrounds,4th Saturday,8am - 2pm,"January 25, 2025  
February 22, 2025  
March 22, 2025  
April 26, 2025  
May 24, 2025  
June 28, 2025  
July 26, 2025  
August 23, 2025  
September 27, 2025  
October 25, 2025  
November 22, 2025  
December 27, 2025  ",,saspringgardenfestival.com.au,,,,,,,,,,,,,X,,,,,,,,,,,,X,,,,,,,,,,,,X,,,,,,,,,,,,,,,X,,,,,,,,,,,,X,,,,,,,,,,,,,,,X,,,,,,,,,,,,X,,,,,,,,,,,,X,,,,,,,,,,,,,,,X,,,,,,,,,,,,X,,,,,,,,,,,,X,,,,,,,,,,,,,,,X,,,
Stansbury Seasid Markets,Stansbury,"Anzac Parade, Stansbury, SA, Australia, South Australia",Specific Dates,9am - 1pm,"January 25, 2025
March 8, 2025
Aprilg 19, 2025",https://www.facebook.com/StansburySeasideMarkets/,"(08) 8852 4577

tourism@stansburysa.com.au",,,,,,,,,,,,,,,,,,,,,,,,,,,,,,,,,,,,,,,,,,,,,,,,,,,,,,,,,,,,,,,,,,,,,,,,,,,,,,,,,,,,,,,,,,,,,,,,,,,,,,,,,,,,,,,,,,,,,,,,,,,,,,,,,,,,,,,,,,,,,,,,,,,,,,,,,,,,,,,,
Stirling Laneways Market,Stirling,Stirling,Specific Dates,,,https://www.stirlingadelaidehills.com.au/laneways/when-where,,,,,,,,,,,,,,,,,,,,,,,,,,,,,,,,,,,,,,,,,,,,,,,,,,,,,,,,,,,,,,,,,,,,,,,,,,,,,,,,,,,,,,,,,,,,,,,,,,,,,,,,,,,,,,,,,,,,,,,,,,,,,,,,,,,,,,,,,,,,,,,,,,,,,,,,,,,,,,,,,
Stirling Markets,Stirling,,Specific Dates,10am - 4pm,"January 26, 2025  
February 23, 2025  
March 23, 2025  
April 27, 2025  
May 25, 2025  
June 22, 2025  
July 27, 2025  
August 24, 2025  
September 28, 2025  
October 26, 2025  
November 24, 2025  
December 15, 2025  ",https://stirlingmarket.com.au/,,,,,,,,,,,,,,,,,,,,,,,,,,,,,,,,,,,,,,,,,,,,,,,,,,,,,,,,,,,,,,,,,,,,,,,,,,,,,,,,,,,,,,,,,,,,,,,,,,,,,,,,,,,,,,,,,,,,,,,,,,,,,,,,,,,,,,,,,,,,,,,,,,,,,,,,,,,,,,,,,
Stirling North Progress Association Market Day,"Stirling North, South Australia 5710",Stirling North Progress Association,3rd Saturday,,,https://m.facebook.com/photo.php?fbid=593577233276794&vanity=100078735673499,,,,,,,,,,,,,,,,,,,,,,,,,,,,,,,,,,,,,,,,,,,,,,,,,,,,,,,,,,,,,,,,,,,,,,,,,,,,,,,,,,,,,,,,,,,,,,,,,,,,,,,,,,,,,,,,,,,,,,,,,,,,,,,,,,,,,,,,,,,,,,,,,,,,,,,,,,,,,,,,,
Strathalbyn Market,Strathalbyn,"36 High street, Strathalbyn",3rd Sunday,9am - 3pm,"January 19, 2025  
February 16, 2025  
March 16, 2025  
April 20, 2025  
May 18, 2025  
June 22, 2025  
July 20, 2025  
August 17, 2025  
September 21, 2025  
October 19, 2025  
November 16, 2025  
December 21, 2025  ",,strathalbynmarket@outloook.com,,,,,,,,,,,,,,,,,,,,,,,,,,,,,,,,,,,,,,,,,,,,,,,,,,,,,,,,,,,,,,,,,,,,,,,,,,,,,,,,,,,,,,,,,,,,,,,,,,,,,,,,,,,,,,,,,,,,,,,,,,,,,,,,,,,,,,,,,,,,,,,,,,,,,,,,,,,,,,,,
Sunday Funday Markets,Tonsley,Tonsley,Specific Dates,10am - 3pm,"January 19, 2025
February 23, 2025
March 23, 2025
April 13, 2025
May 4, 2025
June 15, 2025",https://www.sundayfundaymarkets.com.au/,,,,,,,,,,,,,,,,,,,,,,,,,,,,,,,,,,,,,,,,,,,,,,,,,,,,,,,,,,,,,,,,,,,,,,,,,,,,,,,,,,,,,,,,,,,,,,,,,,,,,,,,,,,,,,,,,,,,,,,,,,,,,,,,,,,,,,,,,,,,,,,,,,,,,,,,,,,,,,,,,
Tanderra Craft Village,Whyalla,"Lincoln Hwy (Port Augusta Road) - 300 METRES NTH OF MARITIME MUSEUM, Whyalla, SA, Australia, South Australia",3rd Saturday and Sunday,10am - 3pm,"January 5, 2025  
February 2, 2025  
March 2, 2025  
April 6, 2025  
May 4, 2025  
June 8, 2025  
July 6, 2025  
August 3, 2025  
September 7, 2025  
October 5, 2025  
November 2, 2025  
December 7, 2025  

January 19, 2025  
February 16, 2025  
March 16, 2025  
April 20, 2025  
May 18, 2025  
June 22, 2025  
July 20, 2025  
August 17, 2025  
September 21, 2025  
October 19, 2025  
November 16, 2025  
December 21, 2025  ",https://www.facebook.com/tanderracraftvillage/,secretarytanderra@hotmail.com,,,,,,,,,,,,,,,,,,,,,,,,,,,,,,,,,,,,,,,,,,,,,,,,,,,,,,,,,,,,,,,,,,,,,,,,,,,,,,,,,,,,,,,,,,,,,,,,,,,,,,,,,,,,,,,,,,,,,,,,,,,,,,,,,,,,,,,,,,,,,,,,,,,,,,,,,,,,,,,,
The Original Open Market Inc,Christies Beach,"121 Beach Rd, Christies Beach, SA, Australia, South Australia","1st Sunday
3rd Sunday",8am - 1pm,"January 5, 2025
January 19, 2025
February 2, 2025
February 16, 2025
March 2, 2025
March 16, 2025
April 6, 2025
April 20, 2025
May 4, 2025
May 18, 2025
June 1, 2025
June 15, 2025
July 6, 2025
July 20, 2025
August 3, 2025
August 17, 2025
September 7, 2025
September 21, 2025
October 5, 2025
October 19, 2025
November 2, 2025
November 16, 2025
December 7, 2025
December 21, 2025",https://www.facebook.com/originalopenmarket/,"0405 025 968

prosec1111@gmail.com

originalopenmarket.org.au",,,,,,,,,,,,,,,,,,,,,,,,,,,,,,,,,,,,,,,,,,,,,,,,,,,,,,,,,,,,,,,,,,,,,,,,,,,,,,,,,,,,,,,,,,,,,,,,,,,,,,,,,,,,,,,,,,,,,,,,,,,,,,,,,,,,,,,,,,,,,,,,,,,,,,,,,,,,,,,,
Thugi Summer Markets,Mount Gambier,"Cave Garden / Thugi, Mount Gambier, SA, Australia, South Australia",2nd Sunday (Summer only),,"January 12, 2025",https://www.facebook.com/ThugiSummerMarkets/,,,,,,,,,,,,,,,,,,,,,,,,,,,,,,,,,,,,,,,,,,,,,,,,,,,,,,,,,,,,,,,,,,,,,,,,,,,,,,,,,,,,,,,,,,,,,,,,,,,,,,,,,,,,,,,,,,,,,,,,,,,,,,,,,,,,,,,,,,,,,,,,,,,,,,,,,,,,,,,,,
Uraidla Market,Uraidla,"Institute Hall, Greenhill Road, Uraidla","1st Sunday
3rd Sunday",10am - 3pm,"January 5, 2025  
February 2, 2025  
March 2, 2025  
April 6, 2025  
May 4, 2025  
June 8, 2025  
July 6, 2025  
August 3, 2025  
September 7, 2025  
October 5, 2025  
November 2, 2025  
December 7, 2025  

January 19, 2025  
February 16, 2025  
March 16, 2025  
April 20, 2025  
May 18, 2025  
June 22, 2025  
July 20, 2025  
August 17, 2025  
September 21, 2025  
October 19, 2025  
November 16, 2025  
December 21, 2025  ",,400636056,,,,,,,,,,,,,,,,,,,,,,,,,,,,,,,,,,,,,,,,,,,,,,,,,,,,,,,,,,,,,,,,,,,,,,,,,,,,,,,,,,,,,,,,,,,,,,,,,,,,,,,,,,,,,,,,,,,,,,,,,,,,,,,,,,,,,,,,,,,,,,,,,,,,,,,,,,,,,,,,
Urban Market Co,Tusmore,"401 B26, Tusmore, SA, Australia, South Australia",,,,https://www.facebook.com/profile.php?id=61554710683951,"urbanmarketcoadelaide@gmail.com
urban.marketco
urbanmarketco.com.au","Adelaide’s latest, vibrant and forward thinking market, showcasing the allure, sustainability & individuality of fashion and small businesses. #UMCo.",,,,,,,,,,,,,,,,,,,,,,,,,,,,,,,,,,,,,,,,,,,,,,,,,,,,,,,,,,,,,,,,,,,,,,,,,,,,,,,,,,,,,,,,,,,,,,,,,,,,,,,,,,,,,,,,,,,,,,,,,,,,,,,,,,,,,,,,,,,,,,,,,,,,,,,,,,,,,,,
VEGAN FOOD TRUCKS & MARKET,Adelaide,"Market Shed on Holland
 1 Holland St, Adelaide SA 5000",Specific Dates,11am - 6pm,"February 9, 2025  
March 9, 2025  
April 13, 2025  
June 15, 2025  
July 13, 2025  
August 10, 2025  
September 21, 2025  
October 12, 2025  
November 9, 2025  ",,,,,,,,,,,,,,,,,,,,,,,,,,,,,,,,,,,,,,,,,,,,,,,,,,,,,,,,,,,,,,,,,,,,,,,,,,,,,,,,,,,,,,,,,,,,,,,,,,,,,,,,,,,,,,,,,,,,,,,,,,,,,,,,,,,,,,,,,,,,,,,,,,,,,,,,,,,,,,,,,,
Victor Harbor Artisan Market,Victor Harbour,"Railway Plaza (Railway Terrace), Victor Harbor, SA, Australia, South Australia",Specific Dates,"Various Times 
Check dates ->","January 4, 2025  
January 11, 2025  
January 18, 2025  
January 25, 2025  
February 2, 2025  
February 16, 2025  
March 8, 2025  
March 16, 2025  
April 6, 2025  
April 20, 2025  
May 4, 2025  
May 18, 2025  
June 7, 2025  
June 15, 2025  ",https://www.facebook.com/victorharborartisanmarket/,"(08) 8551 0500

manager@victorharborartisanmarket.com.au

victorharborartisanmarket.com.au",,,,,,,,,,,,,,,,,,,,,,,,,,,,,,,,,,,,,,,,,,,,,,,,,,,,,,,,,,,,,,,,,,,,,,,,,,,,,,,,,,,,,,,,,,,,,,,,,,,,,,,,,,,,,,,,,,,,,,,,,,,,,,,,,,,,,,,,,,,,,,,,,,,,,,,,,,,,,,,,
Victor Harbor Beach-side Market,Victor Harbour,"Esplande, Soldiers Memorial Reserve Victor Harbor","2nd Sunday
4th Sunday",9am - 3pm,"January 12, 2025
January 19, 2025
January 26, 2025
February 9, 2025
February 23, 2025
March 9, 2025
March 23, 2025
April 13, 2025
April 27, 2025
May 11, 2025
May 25, 2025
June 8, 2025
June 22, 2025
July 13, 2025
July 27, 2025
August 10, 2025
August 24, 2025
September 14, 2025
September 28, 2025
October 12, 2025
October 26, 2025
November 9, 2025
November 23, 2025
December 14, 2025
December 28, 2025",https://victorharborbeachsidemarket.com.au/?fbclid=IwZXh0bgNhZW0CMTEAAR3vqAotiGY7ebsBwOOXEzedX3gX7HYSnfiD6fQDcj9RpENpKWfIF6xUi0Q_aem_ypC2rC5Hv35qoYX-CCzpwg,,,,,,,,,,,,,,,,,,,,,,,,,,,,,,,,,,,,,,,,,,,,,,,,,,,,,,,,,,,,,,,,,,,,,,,,,,,,,,,,,,,,,,,,,,,,,,,,,,,,,,,,,,,,,,,,,,,,,,,,,,,,,,,,,,,,,,,,,,,,,,,,,,,,,,,,,,,,,,,,,
Wallaroo Lions Market,Wallaroo,Wallaroo Town Hall,2nd Saturday,9am - 1pm,,https://www.facebook.com/groups/456389434549922,,,,,,,,,,,,,,,,,,,,,,,,,,,,,,,,,,,,,,,,,,,,,,,,,,,,,,,,,,,,,,,,,,,,,,,,,,,,,,,,,,,,,,,,,,,,,,,,,,,,,,,,,,,,,,,,,,,,,,,,,,,,,,,,,,,,,,,,,,,,,,,,,,,,,,,,,,,,,,,,,
Willunga Quarry Market,Willunga,"Willunga Oval, Willunga",2nd Saturday,8.30am- 13.30pm,"January 11, 2025
February 8, 2025
March 8, 2025
April 12, 2025
May 10, 2025
June 14, 2025
July 12, 2025
August 9, 2025
September 13, 2025
October 11, 2025
November 8, 2025
December 13, 2025",https://willungarecpark.com.au/willunga-quarry-market-2/?fbclid=IwZXh0bgNhZW0CMTEAAR0hgnzI5lRF-jVxzJEjjWviDfKLm6xL9arVNkttPehpvhM7lMml7bzGEHY_aem_MTVOBGTz2MEJnMtTxntDjw,,,,,,,,,,,,,,,,,,,,,,,,,,,,,,,,,,,,,,,,,,,,,,,,,,,,,,,,,,,,,,,,,,,,,,,,,,,,,,,,,,,,,,,,,,,,,,,,,,,,,,,,,,,,,,,,,,,,,,,,,,,,,,,,,,,,,,,,,,,,,,,,,,,,,,,,,,,,,,,,,